Batch Size,Inference,Forward,Backward
1,0.03265762166,0.0375728656,0.06456052943
2,0.05056197973,0.05743054805,0.09821907307
3,0.06960446026,0.07935920236,0.1365716785
4,0.09069185776,0.103062356,0.1772730425
5,0.1116947593,0.1270248204,0.216881067
6,0.1337667599,0.1519343351,0.2594122817
7,0.1556845376,0.1770318706,0.3015967713
8,0.1771139193,0.19972889,0.3450206417
9,0.1990676721,0.2257134726,0.3846127527
10,0.2228171617,0.2516449887,0.4247960581
11,0.2465226777,0.2792267723,0.4679322547
12,0.2812314533,0.3055915916,0.5120613325
13,0.3091342117,0.3319918626,0.5571238421
14,0.3363723175,0.3598647891,0.603828108
15,0.3575720649,0.3933259162,0.648311456
16,0.3830826576,0.4123095989,0.6892986371
17,0.3981841939,0.4439202606,0.7413046399
18,0.4308158389,0.4751795509,0.7850154157
19,0.4498222051,0.4921545673,0.8177248195
20,0.4875491353,0.5269571634,0.8822014836
21,0.5117853758,0.5426435325,0.8984925844
22,0.527352957,0.5719684844,0.9449316339
23,0.5754177782,0.6138557593,1.024475463
24,0.5994522904,0.6415561299,1.063843539
25,0.6273350599,0.6480197209,1.067155879
26,0.6397417009,0.6785105109,1.115791076
27,0.687252967,0.7116181035,1.171061723
28,0.7070313338,0.7512537338,1.231874782
29,0.7526430223,0.793491337,1.37024953
30,0.8060773509,0.8419103691,1.462611246
31,0.8426016289,0.8855077379,1.544645309
32,0.8920719624,0.923176592,1.620607571
33,0.9232809916,0.9458124861,1.680244952
34,0.9408857899,0.9678958616,1.709524432
35,0.9795551141,0.993449529,1.790729213
36,1.0229598,1.056478558,1.876829131
37,1.041539873,1.066702485,1.933596534
38,1.075937368,1.101588956,2.020501587
39,1.127036042,1.137685034,2.071314838
40,1.156677925,1.173311399,2.070719655
41,1.166595573,1.182588024,2.127623358
42,1.23904458,1.249583225,2.216530123
43,1.260938416,1.281910022,2.286948562
44,1.289267073,1.286599586,2.31970642
45,1.302958592,1.3356322,2.3665449
46,1.363840487,1.368443883,2.434662
47,1.425728332,1.400607835,2.516985449