Batch Size	Inference	Inference Per Sample	Forward	Forward Per Sample	Backward	Backward Per Sample	Infer Data Load	Train data load
1	0.002317148654615108	0.002317148654615108	0.005665698454747746	0.005665698454747746	0.009216686979455142	0.009216686979455142	0.0003142404319041997	0.0012280324205237241
2	0.0026655197143554688	0.0013327598571777344	0.005851498883755053	0.0029257494418775264	0.009465299435515903	0.004732649717757951	0.00020923484024123765	0.0006544607788769167
3	0.002882630077760611	0.0009608766925868704	0.005642103318551287	0.0018807011061837621	0.009599986954114924	0.0031999956513716413	0.00016834368160114952	0.0005240918787359994
4	0.00266121869063496	0.00066530467265874	0.0056225126655540655	0.0014056281663885164	0.009649878117575575	0.0024124695293938937	0.00015000620884681815	0.00039672910870604256
5	0.003615646219965237	0.0007231292439930474	0.005773168298142466	0.0011546336596284933	0.009611948212580894	0.001922389642516179	0.00014307961535097948	0.0003244694192611163
6	0.0032553352526764373	0.0005425558754460729	0.005772845662055324	0.0009621409436758873	0.00956049487365419	0.0015934158122756982	0.00011527419683352038	0.0002722724357845376
7	0.0034197076636167307	0.0004885296662309616	0.005665322441366774	0.0008093317773381106	0.009322815273531633	0.001331830753361662	0.00010582040028955043	0.00024184574026881844
8	0.003819102671608996	0.0004773878339511245	0.00567727539669815	0.0007096594245872687	0.00952493373434342	0.0011906167167929276	9.541576774559211e-05	0.0002282564319781403
9	0.0035842579988697868	0.00039825088876330964	0.00576724579085165	0.0006408050878724056	0.00947813964008692	0.0010531266266763243	7.721717480205581e-05	0.0001992374049029079
10	0.003781126506292998	0.0003781126506292998	0.005417845142421438	0.0005417845142421438	0.009531363919006651	0.0009531363919006652	8.167093666038702e-05	0.0001721178121234647
11	0.003954638296098851	0.00035951257237262286	0.0054329117732261544	0.0004939010702932867	0.00953593064303422	0.0008669027857303836	8.468140524903448e-05	0.00017326010777798243
12	0.004111985069009202	0.0003426654224174335	0.005594805105408626	0.00046623375878405217	0.009556083536859768	0.000796340294738314	7.241964340209961e-05	0.00014772976611186417
13	0.004299781808805703	0.0003307524468312079	0.00578121640788975	0.00044470895445305775	0.009582577653192169	0.0007371213579378591	7.738603561991164e-05	0.00015571434015156527
14	0.004095114285673075	0.00029250816326236253	0.005567214975309609	0.00039765821252211493	0.00956825000136646	0.0006834464286690328	6.175464828046569e-05	0.00014311223480831925
15	0.004637561627288363	0.00030917077515255753	0.005661578913826255	0.00037743859425508363	0.009535236738214445	0.0006356824492142963	8.216884796496846e-05	0.00014070586778631256
16	0.00434925900169866	0.00027182868760616623	0.005487266464612971	0.00034295415403831067	0.009538516476379698	0.0005961572797737311	5.919912561255308e-05	0.00012436516545898287
17	0.004606696503672434	0.00027098214727484907	0.005898816075491075	0.0003469891809112397	0.009879615176376418	0.0005811538339044952	5.825276886959818e-05	0.00014173925219483638
18	0.0047952144300166645	0.00026640080166759247	0.0059507142251996855	0.00033059523473331584	0.009831113008717399	0.0005461729449287445	6.243331185884408e-05	0.00011917073928301607
19	0.00500164103152147	0.00026324426481691947	0.006070886678363553	0.0003195203514928186	0.009877917778432665	0.0005198904093911929	5.4171959996129804e-05	0.00011487324283397082
20	0.0052583585331095984	0.00026291792665547993	0.006150404612223308	0.00030752023061116535	0.009822879857684843	0.0004911439928842421	5.960381446193107e-05	0.00013332366943359376
21	0.005515367830570658	0.0002626365633605075	0.006305217742919922	0.0003002484639485677	0.009784619013468424	0.00046593423873659163	6.65689977642711e-05	0.00010888363563232132
22	0.005854211636443636	0.0002661005289292562	0.006387803091931699	0.0002903546859968954	0.009460444474101659	0.00043002020336825727	6.146406167667411e-05	0.00010476000219489157
23	0.00575774937719848	0.0002503369294434122	0.006636725136296666	0.0002885532667955072	0.009871884958067937	0.00042921238948121464	4.8888443920639665e-05	0.00011596570354299114
24	0.005918208639420087	0.00024659202664250365	0.006829204844005073	0.0002845502018335447	0.009764555081799256	0.00040685646174163563	5.4427294391107004e-05	0.00011021734074771305
25	0.006437669345988563	0.00025750677383954253	0.007146923103142733	0.00028587692412570934	0.009880777615219799	0.00039523110460879196	5.051119410576512e-05	0.00010183054416333858
26	0.006624552740979551	0.000254790490037675	0.00731745288146669	0.0002814404954410265	0.010081263917002512	0.000387740919884712	4.9341696685545755e-05	0.00010061168232686758
27	0.007024163630471301	0.0002601542085359741	0.007627400592784977	0.0002824963182512954	0.010345431702647043	0.00038316413713507567	5.7745709128421114e-05	0.00012003046516909088
28	0.007186266913342832	0.00025665238976224397	0.007832656452311805	0.0002797377304397073	0.010578033342883361	0.0003777869051029772	5.699203805713342e-05	9.632894309937911e-05
29	0.007405967854741794	0.00025537820188764804	0.008089337182875297	0.0002789426614784585	0.010825209356659087	0.00037328308126410647	4.7613486844447446e-05	9.312235403069093e-05
30	0.007741835579943301	0.00025806118599811006	0.008289969382594475	0.0002763323127531491	0.01111710842569076	0.00037057028085635865	5.175664057185994e-05	9.283288003595709e-05
31	0.008085912732935664	0.00026083589461082786	0.008537335182303813	0.0002753979091065746	0.011417078141549334	0.00036829284327578497	5.0438634657855973e-05	0.00011182386177612755
32	0.008443232199445885	0.0002638510062326839	0.008767398435678055	0.00027398120111493923	0.011571758422092418	0.00036161745069038806	7.400324392081493e-05	0.00012642671516285606
33	0.008606293901282163	0.00026079678488733827	0.008958733496974357	0.0002714767726355866	0.011769801229979861	0.00035666064333272305	7.707652473420951e-05	0.00012066219432778476
34	0.008771470530116144	0.0002579844273563571	0.00916729281790814	0.0002696262593502394	0.012040725394861023	0.00035413898220179477	5.9174591245307954e-05	0.00011825976680167278
35	0.00906269823140766	0.000258934235183076	0.00930441671342992	0.00026584047752656917	0.012248013150039597	0.0003499432328582742	6.442988435681525e-05	0.00010991418454862267
36	0.009336643551119524	0.00025935120975332013	0.009630311187820055	0.00026750864410611264	0.012579883509014376	0.0003494412085837327	6.540985381557112e-05	0.00010489274152014518
37	0.009750480082497667	0.0002635264887161532	0.009952896269992809	0.0002689971964862921	0.012961501505837511	0.00035031085150912195	7.432437125787277e-05	8.841863767873445e-05
38	0.010000024861957304	0.0002631585489988764	0.010194333631600907	0.0002682719376737081	0.013210357125125714	0.0003476409769769925	7.254289500717719e-05	8.291685009976587e-05
39	0.010206278283797686	0.00026169944317429967	0.010437139824255188	0.00026761896985269713	0.013434222681605401	0.00034446724824629233	6.62562159467586e-05	8.85088295637915e-05
40	0.010517255583805825	0.00026293138959514563	0.010631500785030536	0.0002657875196257634	0.013860767753563118	0.0003465191938390779	5.4580684918076244e-05	0.00010169578428885236
41	0.010831280134210539	0.00026417756424903756	0.010919594646093263	0.00026633157673398205	0.014173259782553906	0.0003456892629891196	4.9984667749894415e-05	7.749289480347524e-05
42	0.0111040250578923	0.00026438154899743573	0.011192621876351276	0.0002664909970559828	0.014433997187448378	0.00034366659970115187	7.080325750456238e-05	8.604696536340919e-05
43	0.011392789100533101	0.00026494858373332794	0.01153198047656918	0.00026818559247835305	0.014708185670387685	0.00034205082954389966	6.548787079157549e-05	8.627900257439411e-05
44	0.011711987689952946	0.0002661815384080215	0.011797097191881777	0.0002681158452700404	0.015029078099265028	0.0003415699568014779	4.5044666930379396e-05	7.352317851466433e-05
45	0.012012607422634144	0.0002669468316140921	0.012143525318126774	0.000269856118180595	0.015046299986578339	0.0003343622219239631	5.031902530431879e-05	9.184748247356425e-05
46	0.012298534165567426	0.00026735943838190055	0.012405388390839989	0.00026968235632260845	0.015324961486740491	0.00033315133666827156	5.177994607821858e-05	6.96067244826574e-05
47	0.012618076741991944	0.0002684697179147222	0.01271732292365079	0.0002705813388010806	0.015589475631713867	0.0003316909708875291	4.422224248113033e-05	7.157074883966657e-05
48	0.012911864181063068	0.00026899717043881393	0.01301141283405361	0.00027107110070945017	0.015841135338171206	0.0003300236528785668	6.099813810826139e-05	7.299940483289374e-05
49	0.013364865412166462	0.000272752355350336	0.013475061056032703	0.0002750012460414837	0.016017753686477888	0.00032689293237709975	5.074595059098441e-05	7.153106880788332e-05
50	0.013672744456808366	0.0002734548891361673	0.013804657542290379	0.00027609315084580757	0.016301115946983222	0.0003260223189396645	4.23891864605804e-05	6.837693019885922e-05
51	0.013976367551888993	0.00027404642258605866	0.014084340328007788	0.00027616353584328994	0.016480081710056285	0.0003231388570599272	4.7917250202593136e-05	8.270112773451313e-05
52	0.014247778043225037	0.0002739957316004815	0.014361878532675369	0.00027618997178221864	0.016798661122867715	0.00032305117543976377	5.0163547334842556e-05	7.587637063693234e-05
53	0.014573475614709048	0.00027497123801337826	0.01468953920241019	0.00027716111702660737	0.017048444320906454	0.0003216687607718199	5.025938845661049e-05	6.995484894523596e-05
54	0.014814478840994004	0.00027434220075914825	0.014933242133600795	0.0002765415209926073	0.017337326979755763	0.0003210616107362178	4.816626412929565e-05	6.81267800374169e-05
55	0.015136145833712904	0.00027520265152205283	0.015324349427104589	0.00027862453503826526	0.017583640653695633	0.0003197025573399206	6.149648703476359e-05	6.473958357487907e-05
56	0.015480450729825604	0.0002764366201754572	0.015685375650130694	0.00028009599375233385	0.01796181403582369	0.0003207466792111373	6.13758177645425e-05	9.934442129724824e-05
57	0.01574780573299275	0.0002762772935612763	0.016002307483805947	0.00028074223655799905	0.01809649206512603	0.00031748231693203564	7.753552405780301e-05	9.556843408939361e-05
58	0.01601195216771975	0.0002760681408227543	0.016287728921690985	0.000280822912442948	0.018360207923016146	0.00031655530901751974	7.246497319971315e-05	9.643583646215732e-05
59	0.016313479314396036	0.00027649964939654303	0.016553855060937987	0.00028057381459216927	0.01856813264723441	0.00031471411266499	6.261862232025864e-05	9.068209140454952e-05
60	0.016623275196967432	0.0002770545866161239	0.01685916962315194	0.00028098616038586566	0.01890580808345358	0.00031509680139089305	6.712293545800457e-05	7.621310836640164e-05
61	0.016968740159599344	0.00027817606819015316	0.01727826322489117	0.0002832502168014946	0.019228925752402537	0.0003152282910229924	6.222326286309073e-05	6.648798224568396e-05
62	0.017254985980133513	0.0002783062254860244	0.017434612435487964	0.00028120342637883816	0.019449720335243947	0.000313705166697483	6.479462045208254e-05	6.314135921688261e-05
63	0.01753364154948524	0.00027831177062674986	0.017752621304336472	0.00028178763975137257	0.01977165184210782	0.00031383574352552093	6.0386928084487274e-05	7.630832988127783e-05
64	0.017688045454262502	0.0002763757102228516	0.017889628955973916	0.00027952545243709243	0.019991594760572138	0.00031236866813393966	4.508420454328926e-05	7.676694597770919e-05
65	0.01802996735074627	0.00027738411308840413	0.018336960332310616	0.0002821070820355479	0.02026757197593575	0.0003118087996297808	5.4472614146720576e-05	6.383083079265444e-05
66	0.018319463255393565	0.0002775676250817207	0.018622012873787192	0.00028215171020889686	0.020477541643588698	0.0003102657824786166	4.331827990415318e-05	7.596485722250085e-05
67	0.018614594616107087	0.000277829770389658	0.018879105202594205	0.0002817776895909583	0.020850625204209664	0.00031120336125686066	5.108357502656958e-05	6.028520084572872e-05
68	0.018873591921222743	0.0002775528223709227	0.019210593617377588	0.0002825087296673175	0.021089404376585092	0.00031013829965566313	4.490909082414394e-05	7.641444542549631e-05
69	0.019191674332120524	0.00027814020771189165	0.01960429267503729	0.0002841201836961926	0.021372677674934046	0.0003097489518106383	4.751727493179413e-05	6.126293375184554e-05
70	0.019469357248562486	0.0002781336749794641	0.019873379474848657	0.0002839054210692665	0.021647114065749134	0.00030924448665355905	4.534892520755423e-05	6.144040005378207e-05
71	0.01969307334861945	0.0002773672302622458	0.020074194343528938	0.0002827351315989991	0.021834549026109686	0.0003075288595226716	5.706662545649558e-05	6.746567504339651e-05
72	0.019960957380076545	0.00027723551916772983	0.020390994513212746	0.0002832082571279548	0.022110398135968108	0.0003070888629995571	5.143968158825252e-05	6.320489382071677e-05
73	0.02043412811127468	0.00027991956316814634	0.020841453798967808	0.000285499367109148	0.0225365316096823	0.00030871961109153837	5.042674001525908e-05	6.457354274498354e-05
74	0.020812828149368513	0.00028125443445092585	0.02116782392435406	0.0002860516746534332	0.022746762232993965	0.00030738867882424277	6.904987713751076e-05	8.647701857919347e-05
75	0.021051325015167693	0.00028068433353556924	0.021468238450994537	0.0002862431793465938	0.023023162908221952	0.00030697550544295937	7.266280267566788e-05	8.551917068203092e-05
76	0.021337287342963526	0.00028075378082846744	0.021765600982590103	0.00028638948661302766	0.02323402931441122	0.00030571091203172656	7.295692800445437e-05	7.77716067299914e-05
77	0.021464483061833167	0.00027875952028354764	0.02199651590034143	0.00028566903766677183	0.023489698248716138	0.0003050610162170927	7.395042793583006e-05	6.953125014788515e-05
78	0.021694991125989316	0.0002781409118716579	0.02227340764667264	0.0002855565082906749	0.023782714682431958	0.0003049065984927174	6.455022593149194e-05	6.468935666118963e-05
79	0.022046904065715734	0.0002790747350090599	0.02258703839126511	0.00028591187837044443	0.024073522482345355	0.00030472813268791587	6.334779694816224e-05	6.63559790694809e-05
80	0.02232053268015088	0.00027900665850188604	0.022852913064150073	0.00028566141330187595	0.02435674121723839	0.00030445926521547993	6.144630968274168e-05	6.123511352349276e-05
81	0.02262728368464987	0.0002793491812919737	0.023191473377284718	0.0002863144861393175	0.024553067648588722	0.00030312429195788543	6.249986140940774e-05	6.784762191608448e-05
82	0.022865054619252978	0.0002788421295030851	0.023480166250200413	0.0002863434908561026	0.02483673949739826	0.0003028870670414422	4.326994884015576e-05	7.509383859022224e-05
83	0.023106388784759672	0.0002783902263224057	0.02374092500601242	0.0002860352410362942	0.025136945259511767	0.0003028547621627924	4.8759364755949815e-05	6.26602983443291e-05
84	0.023400128777347394	0.000278572961635088	0.023951902911437686	0.0002851417013266391	0.02527543086910722	0.0003008979865369907	4.674715612827673e-05	7.378946291668893e-05
85	0.023730145164983188	0.0002791781784115669	0.024409563387211283	0.00028717133396719154	0.025750291881276602	0.00030294461036796	5.2848642319658886e-05	6.14457776541594e-05
86	0.023999515457532893	0.00027906413322712663	0.024604779570849975	0.00028610208803313926	0.025935782721979703	0.0003015788688602291	4.615629766186837e-05	7.128505867884472e-05
87	0.02427393524207879	0.0002790107499089516	0.02487943421548872	0.00028597050822400826	0.02622344719236763	0.00030141893324560495	6.039533769449716e-05	6.414276457244634e-05
88	0.024536598974199436	0.0002788249883431754	0.025148962267595738	0.0002857836621317697	0.026411850060989606	0.0003001346597839728	4.9148450766899424e-05	7.57268924402576e-05
89	0.024824685718289656	0.0002789290530144905	0.02544125395627757	0.0002858567860255907	0.026715149333821006	0.0003001702172339439	7.653450964548582e-05	8.690848332665833e-05
90	0.025045099543101752	0.0002782788838122417	0.025767180457044004	0.0002863020050782667	0.02692400519527606	0.0002991556132808451	7.386106097810239e-05	8.287195213069041e-05
91	0.0253716131941003	0.0002788089361989044	0.02601665762526479	0.0002858973365413713	0.02734393859977153	0.00030048284175573106	7.322089914925982e-05	7.780471173170117e-05
92	0.025632140648305712	0.00027861022443810557	0.026223677307812134	0.00028503997073708843	0.027503152391803797	0.00029894730860656303	6.928679593940485e-05	8.533478247353506e-05
93	0.025925805912682072	0.00027877210658797927	0.02660478881342494	0.00028607299799381656	0.027764412894177793	0.000298542074130944	6.382965208700596e-05	7.217779706966077e-05
94	0.026210267745440278	0.0002788326355897902	0.02684264633786026	0.0002855600674240453	0.028008764656028938	0.00029796558144711634	6.881622810319352e-05	6.877876304754873e-05
95	0.026469202183965427	0.0002786231808838466	0.027039195767682583	0.0002846231133440272	0.028232747642555046	0.00029718681729005314	4.940519909735093e-05	7.977327085596381e-05
96	0.026725465385474968	0.0002783902644320309	0.027396133290001408	0.0002853763884375147	0.028510284661060543	0.00029698213188604733	5.243659316010736e-05	6.469058654399258e-05
97	0.027333955859663476	0.00028179335937797396	0.027988405370000583	0.00028854026154639777	0.029241914179787706	0.0003014630327813166	6.946995483702095e-05	6.85079162436436e-05
98	0.027592095569591617	0.0002815519956080777	0.028299200001047617	0.0002887673469494655	0.02954730109788885	0.00030150307242743726	6.883585437298644e-05	6.841796220819506e-05
99	0.027830571084473264	0.0002811168796411441	0.028556297074502975	0.0002884474451969997	0.029791283963331534	0.0003009220602356721	4.6641642474979606e-05	7.645031502333243e-05
100	0.028093621505433646	0.00028093621505433645	0.028850830609525615	0.00028850830609525617	0.030041804954187193	0.00030041804954187196	5.7691234854323354e-05	6.796463211970543e-05
101	0.0283882416302885	0.00028107169930978714	0.02914400954744709	0.0002885545499747237	0.03030804852348062	0.00030007968835129325	5.4728097560035674e-05	6.415517358003382e-05
102	0.028662573638840103	0.0002810056239101971	0.029355869957463657	0.0002878026466418006	0.030514689820322825	0.00029916362568943946	6.77244242965018e-05	7.596647154469686e-05
103	0.02894808166655735	0.00028104933656851797	0.02976587637146907	0.0002889890909851366	0.03087835644015032	0.000299789868350974	4.476618318806948e-05	6.186601096798486e-05
104	0.02919985880306111	0.0002807678731063568	0.029949870275620797	0.0002879795218809692	0.03110913732158604	0.00029912632039986575	6.742074578099446e-05	7.564911794899708e-05
105	0.02947062639454704	0.0002806726323290194	0.030362888355160236	0.00028917036528724034	0.03140719257183929	0.00029911611973180275	5.296992058156368e-05	5.267443066099701e-05
106	0.029727124456149428	0.00028044457034103235	0.03049950931795794	0.0002877312199807353	0.03163740765396042	0.00029846610994302284	5.6796238185832795e-05	7.201546986181613e-05
107	0.029992161698602325	0.00028030057662245165	0.0308462185646171	0.0002882824164917486	0.032004318427090624	0.0002991057796924357	5.939365203739648e-05	6.129569065489352e-05
108	0.030241730201303663	0.0002800160203824413	0.03098086575370523	0.0002868598680898632	0.03222745568005007	0.00029840236740787097	5.3402269130388366e-05	7.46422365749873e-05
109	0.030551813135099647	0.0002802918636247674	0.031395512433787486	0.0002880322241631879	0.03260794207824404	0.0002991554319104957	5.1119787971935005e-05	5.7330782940508624e-05
110	0.030810050110318767	0.00028009136463926155	0.031554729784306006	0.00028686117985732734	0.03280700498552465	0.0002982454998684059	4.342198641469499e-05	6.72470439564098e-05
111	0.03109231279857123	0.0002801109261132543	0.03187598280645722	0.00028717101627438935	0.03311944363722161	0.00029837336610109556	4.877018685952343e-05	5.586286976263592e-05
112	0.031309933211672955	0.00027955297510422287	0.03221174021858481	0.00028760482338022154	0.03337421227450395	0.00029798403816521377	4.9396353828712145e-05	5.89362636219125e-05
113	0.03158099497135599	0.00027947783160492027	0.03252002137217356	0.00028778779975374827	0.03368581230960675	0.0002981045337133341	6.722446603388315e-05	5.7996775826537425e-05
114	0.03185771235186069	0.000279453617121585	0.03263428555199163	0.0002862656627367687	0.03384739486732293	0.0002969069725203766	7.553312638422535e-05	8.225254730746687e-05
115	0.032122934635598864	0.00027932986639651186	0.03297163123515115	0.0002867098368274013	0.034235364762111684	0.00029769882401836244	7.254358960415104e-05	7.593018550159042e-05
116	0.032378076913938	0.00027912135270636207	0.033247067560603964	0.0002866126513845169	0.03448341379118203	0.00029727080854467265	7.323531389522765e-05	7.740170821907959e-05
117	0.032645906381939184	0.00027902484087127507	0.03354932419696258	0.0002867463606577998	0.03474820431192123	0.00029699319924719	7.983350366507328e-05	6.144943096181814e-05
118	0.032895791589917234	0.00027877789482980706	0.03381915946504963	0.0002866030463139799	0.03498813406151919	0.00029650961069084054	6.101156368717213e-05	6.462024068217202e-05
119	0.03318054877703463	0.0002788281409834843	0.03408264520749524	0.0002864087832562625	0.03530444316009977	0.0002966759929420149	6.817303112933826e-05	6.712794259039174e-05
120	0.03343512051141084	0.000278626004261757	0.03435108080432189	0.0002862590067026825	0.03554635024189356	0.000296219585349113	6.532127386697292e-05	5.386468782946838e-05
121	0.0338689142198705	0.0002799083819824008	0.03475353848281784	0.00028721932630427973	0.03595976331340733	0.0002971881265570854	7.554195776252752e-05	5.822741256468557e-05
122	0.03410311243427334	0.0002795337084776503	0.03508398663345261	0.0002875736609299394	0.03618595730606003	0.00029660620742672156	6.265844823135539e-05	6.485455927340516e-05
123	0.034402039513659124	0.00027969137815983026	0.035372800494900984	0.0002875837438609836	0.036474992979818315	0.0002965446583725066	5.5953840392984936e-05	6.062054920508986e-05
124	0.03461014097602806	0.0002791140401292586	0.03553305455108187	0.00028655689154098284	0.03659870968529241	0.00029515088455880976	6.821682242324773e-05	6.731400002332775e-05
125	0.03489657895482002	0.00027917263163856014	0.03578460275830321	0.0002862768220664257	0.03686764702868106	0.00029494117622944847	5.7321643354880867e-05	7.116163073487543e-05
126	0.03515003095218791	0.000278968499620539	0.03610059040695874	0.00028651262227745027	0.03713805758537938	0.0002947464887728522	4.859283374664974e-05	6.203874351382773e-05
127	0.03542949073943333	0.0002789723680270341	0.0365079054191931	0.00028746382219837086	0.03755755804071379	0.00029572880347018734	4.495494527365097e-05	4.601439349252618e-05
128	0.03571193814277649	0.00027899951674044133	0.03662629961967468	0.00028614296577870844	0.03762617468833923	0.00029395448975265024	4.084279760718346e-05	6.563130766153336e-05
